{"cameraMode":{"drawMode":0,"name":"Shaded","section":"Shading Mode"},"sceneLighting":true,"audioPlay":false,"sceneViewState":{"showFog":true,"showMaterialUpdate":false,"showSkybox":true,"showFlares":true,"showImageEffects":true,"showParticleSystems":true},"in2DMode":false,"pivot":{"x":-0.8947718143463135,"y":-0.13063612580299378,"z":1.025736689567566},"rotation":{"x":-0.3412339985370636,"y":-0.4248311519622803,"z":0.17686940729618073,"w":-0.8196352124214172},"size":21.6812801361084,"orthographic":true}