{"cameraMode":{"drawMode":0,"name":"Shaded","section":"Shading Mode"},"sceneLighting":true,"audioPlay":false,"sceneViewState":{"showFog":true,"showMaterialUpdate":false,"showSkybox":true,"showFlares":true,"showImageEffects":true,"showParticleSystems":true},"in2DMode":false,"pivot":{"x":-0.8947718143463135,"y":-0.13063612580299378,"z":1.025736689567566},"rotation":{"x":-0.18510335683822633,"y":-0.11585300415754318,"z":0.021982118487358094,"w":-0.9756220579147339},"size":21.6812801361084,"orthographic":true}