{"cameraMode":{"drawMode":0,"name":"Shaded","section":"Shading Mode"},"sceneLighting":true,"audioPlay":false,"sceneViewState":{"showFog":true,"showMaterialUpdate":false,"showSkybox":true,"showFlares":true,"showImageEffects":true,"showParticleSystems":true},"in2DMode":false,"pivot":{"x":642.0,"y":42.51721954345703,"z":570.510009765625},"rotation":{"x":-0.010705269873142243,"y":-0.9832544326782227,"z":0.06144239753484726,"w":-0.17132173478603364},"size":15.26542854309082,"orthographic":true}