{"cameraMode":{"drawMode":0,"name":"Shaded","section":"Shading Mode"},"sceneLighting":true,"audioPlay":false,"sceneViewState":{"showFog":true,"showMaterialUpdate":false,"showSkybox":true,"showFlares":true,"showImageEffects":true,"showParticleSystems":true},"in2DMode":false,"pivot":{"x":-0.8947718143463135,"y":-0.13063612580299378,"z":1.025736689567566},"rotation":{"x":-0.27778804302215578,"y":-0.617108941078186,"z":0.24719689786434174,"w":-0.6934766173362732},"size":15.357295036315918,"orthographic":true}